1.468162904155854376e+00,-9.159959323200103087e-01,1.554771651112512254e+00,-4.771365846734552107e-01,6.176599999999999824e+01,7.704699999999999704e+01,2.401599999999999824e+01,6.312000000000000277e+00,3.016000000000000014e+00,6.175600000000000200e+00,3.576700000000000212e+00,3.878299999999999859e+00,4.125899999999999679e+00,4.849899999999999878e+00
1.471608044122542758e+00,-9.150047211876312092e-01,1.558268759278784721e+00,-4.749136135435016448e-01,6.176599999999999824e+01,7.600000000000000000e+01,2.400000000000000000e+01,6.328000000000000291e+00,3.172000000000000153e+00,6.316099999999999604e+00,3.479499999999999815e+00,3.885099999999999998e+00,4.152499999999999858e+00,4.851600000000000357e+00
1.474979883238876299e+00,-9.150047211876312092e-01,1.561694131892928272e+00,-4.749136135435016448e-01,6.181199999999999761e+01,7.604699999999999704e+01,2.301500000000000057e+01,6.344000000000000306e+00,2.875000000000000000e+00,6.173700000000000188e+00,3.506400000000000183e+00,3.911500000000000199e+00,4.110699999999999577e+00,4.838199999999999612e+00
1.478388372780387261e+00,-9.145006437314212588e-01,1.565083636731007921e+00,-4.737687357083323336e-01,6.181199999999999761e+01,7.603100000000000591e+01,2.201599999999999824e+01,6.375000000000000000e+00,2.811999999999999833e+00,6.098600000000000243e+00,3.654599999999999849e+00,3.905499999999999972e+00,4.182800000000000296e+00,4.907799999999999940e+00
1.481906813597431150e+00,-9.136534547293878594e-01,1.568670414337441033e+00,-4.718606059830502408e-01,6.184400000000000119e+01,7.800000000000000000e+01,2.301500000000000057e+01,6.360000000000000320e+00,3.265000000000000124e+00,6.293000000000000149e+00,3.461800000000000210e+00,3.829699999999999882e+00,4.185900000000000176e+00,4.903900000000000148e+00
1.485315303138942111e+00,-9.126283560369269354e-01,1.572167522503713499e+00,-4.695613096640851580e-01,6.185900000000000176e+01,7.893800000000000239e+01,2.290599999999999881e+01,6.405999999999999694e+00,3.266000000000000014e+00,6.381999999999999673e+00,3.433300000000000018e+00,3.837499999999999911e+00,4.076500000000000234e+00,4.869399999999999729e+00
1.488778768318219203e+00,-9.126283560369269354e-01,1.575646696781953349e+00,-4.695613096640851580e-01,6.189099999999999824e+01,7.603100000000000591e+01,2.296900000000000119e+01,6.375000000000000000e+00,3.313000000000000167e+00,6.293300000000000338e+00,3.478000000000000203e+00,3.896399999999999864e+00,4.089199999999999946e+00,4.816200000000000259e+00
1.492187257859730831e+00,-9.121115707456867172e-01,1.579090003284129295e+00,-4.683973505316630925e-01,6.192199999999999704e+01,7.704699999999999704e+01,2.195299999999999940e+01,6.155999999999999694e+00,3.827999999999999847e+00,6.344299999999999606e+00,3.473399999999999821e+00,3.951400000000000023e+00,4.149799999999999933e+00,4.833700000000000330e+00
1.495742349101951474e+00,-9.112643817436527627e-01,1.582676780890562629e+00,-4.664892208063809997e-01,6.195300000000000296e+01,7.598499999999999943e+01,2.393700000000000117e+01,6.219000000000000306e+00,3.811999999999999833e+00,6.276500000000000412e+00,3.438400000000000123e+00,3.908999999999999808e+00,4.103900000000000325e+00,4.840700000000000003e+00
1.497116740046109173e+00,-9.102858784463039310e-01,1.583860417500685180e+00,-4.642853309736801881e-01,6.193800000000000239e+01,7.598499999999999943e+01,2.300000000000000000e+01,6.250000000000000000e+00,3.717999999999999972e+00,6.145900000000000141e+00,3.620999999999999996e+00,3.876399999999999846e+00,4.140600000000000058e+00,4.822300000000000253e+00
1.499205814281229232e+00,-9.102858784463039310e-01,1.586155955168802922e+00,-4.642853309736801881e-01,6.193699999999999761e+01,7.696899999999999409e+01,2.392200000000000060e+01,6.437000000000000277e+00,3.797000000000000153e+00,6.343700000000000117e+00,3.390600000000000058e+00,3.893200000000000216e+00,4.043000000000000149e+00,4.796000000000000263e+00
1.506077769002017286e+00,-9.089346119880606922e-01,1.593132237613315239e+00,-4.612418640618551335e-01,6.207800000000000296e+01,7.600000000000000000e+01,2.295299999999999940e+01,6.657000000000000028e+00,3.781000000000000139e+00,7.530700000000000394e+00,3.844100000000000072e+00,3.905299999999999994e+00,4.007299999999999862e+00,4.791299999999999670e+00
1.509596209819061174e+00,-9.079222211306305912e-01,1.596665213555651830e+00,-4.589807303373958369e-01,6.210999999999999943e+01,7.598499999999999943e+01,2.396900000000000119e+01,6.671999999999999709e+00,3.766000000000000014e+00,7.590900000000000425e+00,3.707599999999999785e+00,3.896599999999999842e+00,4.101200000000000401e+00,4.842399999999999594e+00
1.512894748085039875e+00,-9.079222211306305912e-01,1.600000916729635181e+00,-4.589807303373958369e-01,6.214099999999999824e+01,7.600000000000000000e+01,2.095299999999999940e+01,6.655999999999999694e+00,4.078000000000000291e+00,7.511000000000000121e+00,3.839500000000000135e+00,3.895000000000000018e+00,4.051700000000000301e+00,4.874799999999999578e+00
1.516413188902083098e+00,-9.073927280043595500e-01,1.603587694336068292e+00,-4.577881492590943902e-01,6.214000000000000057e+01,7.606300000000000239e+01,2.193700000000000117e+01,6.516000000000000014e+00,4.437000000000000277e+00,7.582099999999999618e+00,3.859199999999999964e+00,3.892700000000000049e+00,4.104899999999999771e+00,4.841400000000000148e+00
1.519968280144304407e+00,-9.065455390023261506e-01,1.607174471942501404e+00,-4.558800195338122974e-01,6.206300000000000239e+01,7.600000000000000000e+01,2.401599999999999824e+01,6.500000000000000000e+00,4.344000000000000306e+00,7.596300000000000274e+00,3.802900000000000169e+00,3.848500000000000032e+00,4.028299999999999770e+00,4.778900000000000148e+00
1.523340119260637948e+00,-9.055331481448954944e-01,1.610617778444676906e+00,-4.536093451607265958e-01,6.209400000000000119e+01,7.903199999999999648e+01,2.300000000000000000e+01,6.453999999999999737e+00,4.250000000000000000e+00,7.605100000000000193e+00,3.738300000000000178e+00,3.831500000000000128e+00,4.115400000000000169e+00,4.706900000000000084e+00
1.526803584439915040e+00,-9.055331481448954944e-01,1.614114886610949595e+00,-4.536093451607265958e-01,6.210999999999999943e+01,7.595300000000000296e+01,2.298499999999999943e+01,6.437000000000000277e+00,4.296999999999999709e+00,7.514700000000000379e+00,3.848700000000000010e+00,3.844599999999999795e+00,4.110699999999999577e+00,4.719899999999999984e+00
1.530248724406604088e+00,-9.050036550186250084e-01,1.617594060889189889e+00,-4.523881421365459898e-01,6.210900000000000176e+01,7.600000000000000000e+01,2.300000000000000000e+01,6.421999999999999709e+00,4.282000000000000028e+00,7.621999999999999886e+00,3.717900000000000205e+00,3.865099999999999980e+00,4.114499999999999602e+00,4.714999999999999858e+00
1.533675539160703760e+00,-9.041903535766722122e-01,1.621037367391365391e+00,-4.505563376002751919e-01,6.210900000000000176e+01,7.596899999999999409e+01,2.198400000000000176e+01,6.453000000000000291e+00,4.280999999999999694e+00,7.545899999999999608e+00,3.848300000000000054e+00,3.846600000000000019e+00,4.120899999999999785e+00,4.707900000000000418e+00
1.537175654765158939e+00,-9.031821986642525335e-01,1.624624144997799169e+00,-4.482761225785629189e-01,6.214000000000000057e+01,7.603199999999999648e+01,2.301599999999999824e+01,6.500000000000000000e+00,4.483999999999999986e+00,7.577200000000000379e+00,3.852799999999999780e+00,3.853000000000000203e+00,4.040799999999999947e+00,4.542600000000000193e+00
1.540694095582202383e+00,-9.031821986642525335e-01,1.628157120940135760e+00,-4.482761225785629189e-01,6.218800000000000239e+01,7.601600000000000534e+01,2.301500000000000057e+01,6.657000000000000028e+00,4.842999999999999972e+00,7.565100000000000158e+00,3.810200000000000031e+00,3.902800000000000047e+00,3.984399999999999942e+00,4.389800000000000146e+00
1.544157560761480141e+00,-9.026399977029510024e-01,1.631636295218375610e+00,-4.470549195543824794e-01,6.223499999999999943e+01,7.598499999999999943e+01,2.292200000000000060e+01,6.655999999999999694e+00,4.594000000000000306e+00,7.618800000000000239e+00,3.750000000000000000e+00,3.869200000000000195e+00,3.987099999999999866e+00,4.518099999999999561e+00
1.547621025940757233e+00,-9.018139884259679384e-01,1.635133403384648076e+00,-4.452040337208587051e-01,6.231300000000000239e+01,7.601600000000000534e+01,2.295299999999999940e+01,6.733999999999999986e+00,4.391000000000000014e+00,7.536699999999999733e+00,3.847799999999999887e+00,3.859900000000000109e+00,4.015500000000000291e+00,4.714299999999999713e+00
1.551029515482268195e+00,-9.008270132385991502e-01,1.638612577662888592e+00,-4.429810625909051391e-01,6.228099999999999881e+01,7.601600000000000534e+01,2.298400000000000176e+01,6.625000000000000000e+00,4.032000000000000028e+00,7.607400000000000162e+00,3.708099999999999952e+00,3.760499999999999954e+00,4.040300000000000225e+00,4.852500000000000036e+00
1.554438005023778935e+00,-9.008270132385991502e-01,1.642055884165063873e+00,-4.429810625909051391e-01,6.228099999999999881e+01,7.604699999999999704e+01,2.198400000000000176e+01,6.516000000000000014e+00,4.094000000000000306e+00,7.413000000000000256e+00,3.916900000000000048e+00,3.807500000000000107e+00,3.979900000000000215e+00,4.865199999999999747e+00
1.557993096266000466e+00,-9.002848122772977302e-01,1.645642661771497206e+00,-4.417598595667245331e-01,6.231300000000000239e+01,7.593800000000000239e+01,2.295299999999999940e+01,6.671999999999999709e+00,4.328000000000000291e+00,7.530300000000000438e+00,3.918400000000000105e+00,3.817800000000000082e+00,3.935799999999999965e+00,4.647300000000000431e+00
1.561456561445278224e+00,-8.994630389453249775e-01,1.649121836049737500e+00,-4.398994330845744094e-01,6.226599999999999824e+01,7.603100000000000591e+01,2.298499999999999943e+01,6.717999999999999972e+00,4.171999999999999709e+00,7.562400000000000233e+00,3.829899999999999860e+00,3.854900000000000215e+00,3.867500000000000160e+00,4.531200000000000117e+00
1.565029977900087577e+00,-8.984506480878949874e-01,1.652708613656170611e+00,-4.376287587114887079e-01,6.229699999999999704e+01,7.598399999999999466e+01,2.496900000000000119e+01,6.625000000000000000e+00,4.296999999999999709e+00,7.614200000000000301e+00,3.773099999999999898e+00,3.844800000000000217e+00,3.841600000000000126e+00,4.382799999999999585e+00
1.568383491803832408e+00,-8.984506480878949874e-01,1.656151920158346780e+00,-4.376287587114887079e-01,6.229699999999999704e+01,7.600000000000000000e+01,2.293700000000000117e+01,6.562999999999999723e+00,4.296999999999999709e+00,7.471599999999999575e+00,3.873899999999999899e+00,3.848199999999999843e+00,3.859500000000000153e+00,4.624100000000000321e+00
1.571846956983110166e+00,-8.979084471265935674e-01,1.659631094436587073e+00,-4.364075556873081019e-01,6.234400000000000119e+01,7.601600000000000534e+01,2.295299999999999940e+01,6.467999999999999972e+00,4.282000000000000028e+00,7.623400000000000176e+00,3.748600000000000154e+00,3.865600000000000147e+00,3.937600000000000211e+00,4.551099999999999923e+00
1.575255446524621128e+00,-8.970951456846413263e-01,1.663074400938762576e+00,-4.345757511510372484e-01,6.240599999999999881e+01,7.606300000000000239e+01,2.198400000000000176e+01,6.469000000000000306e+00,4.014999999999999680e+00,7.414699999999999847e+00,3.965899999999999981e+00,3.868599999999999817e+00,3.919299999999999784e+00,4.617300000000000182e+00
1.578773887341665016e+00,-8.960954626622416042e-01,1.666661178545195687e+00,-4.323241580752043567e-01,6.242199999999999704e+01,7.603100000000000591e+01,2.296799999999999997e+01,6.453999999999999737e+00,4.030999999999999694e+00,7.464100000000000179e+00,3.957199999999999829e+00,3.837000000000000188e+00,3.901600000000000179e+00,4.604400000000000048e+00
1.582328978583885881e+00,-8.960954626622416042e-01,1.670247956151628799e+00,-4.323241580752043567e-01,6.242199999999999704e+01,7.607800000000000296e+01,2.393799999999999883e+01,6.608999999999999986e+00,4.266000000000000014e+00,7.459699999999999775e+00,3.911799999999999944e+00,3.863799999999999901e+00,3.876900000000000013e+00,4.422399999999999665e+00
1.585737468125396843e+00,-8.955574976459499403e-01,1.673691262653804968e+00,-4.311029550510237507e-01,6.240699999999999648e+01,7.606199999999999761e+01,2.300000000000000000e+01,6.625000000000000000e+00,4.125000000000000000e+00,7.574799999999999756e+00,3.825200000000000156e+00,3.894499999999999851e+00,3.823399999999999910e+00,4.454900000000000304e+00
1.589200933304674601e+00,-8.947314883689674314e-01,1.677170436932045261e+00,-4.292520692175001429e-01,6.243800000000000239e+01,7.603100000000000591e+01,2.290599999999999881e+01,6.578000000000000291e+00,4.078999999999999737e+00,7.432599999999999874e+00,3.933399999999999785e+00,3.858600000000000030e+00,3.849200000000000177e+00,4.389199999999999768e+00
1.592719374121717824e+00,-8.937318053465677092e-01,1.680757214538478372e+00,-4.270004761416671957e-01,6.240599999999999881e+01,7.596899999999999409e+01,2.396900000000000119e+01,6.562000000000000277e+00,4.062999999999999723e+00,7.451800000000000423e+00,4.069899999999999629e+00,3.843399999999999928e+00,3.843500000000000139e+00,4.388300000000000090e+00
1.596072888025462655e+00,-8.937318053465677092e-01,1.684146719376557577e+00,-4.270004761416671957e-01,6.240599999999999881e+01,7.695300000000000296e+01,2.201599999999999824e+01,6.405999999999999694e+00,4.000000000000000000e+00,7.447799999999999976e+00,4.060100000000000264e+00,3.842699999999999783e+00,3.865899999999999892e+00,4.521899999999999586e+00
1.599646304480272674e+00,-8.931768965502360214e-01,1.687787298647087653e+00,-4.257506511716074304e-01,6.240599999999999881e+01,7.603100000000000591e+01,2.395299999999999940e+01,6.358999999999999986e+00,4.016000000000000014e+00,7.459200000000000053e+00,4.068399999999999572e+00,3.792100000000000026e+00,3.909600000000000186e+00,4.484700000000000131e+00
1.603091444446961722e+00,-8.923551232182632686e-01,1.691266472925327502e+00,-4.238997653380837116e-01,6.239099999999999824e+01,7.606300000000000239e+01,2.396900000000000119e+01,6.358999999999999986e+00,3.984999999999999876e+00,7.450899999999999856e+00,4.062599999999999767e+00,3.781600000000000072e+00,3.923900000000000166e+00,4.476200000000000401e+00
1.606609885264004944e+00,-8.913681480308944804e-01,1.694817382755696267e+00,-4.216672535595036853e-01,6.240699999999999648e+01,7.595300000000000296e+01,2.398499999999999943e+01,6.421999999999999709e+00,4.014999999999999680e+00,7.457300000000000040e+00,4.070299999999999585e+00,3.815500000000000114e+00,3.948300000000000143e+00,4.499100000000000321e+00
1.610073350443282703e+00,-8.913681480308944804e-01,1.698296557033936782e+00,-4.216672535595036853e-01,6.245300000000000296e+01,7.596899999999999409e+01,2.401599999999999824e+01,6.483999999999999986e+00,4.046999999999999709e+00,7.436300000000000132e+00,4.064700000000000202e+00,3.836300000000000043e+00,3.935900000000000176e+00,4.452200000000000379e+00
1.613481839984793664e+00,-8.908259470695923943e-01,1.701775731312177076e+00,-4.204555911839494842e-01,6.250000000000000000e+01,7.598499999999999943e+01,2.295299999999999940e+01,6.516000000000000014e+00,4.014999999999999680e+00,7.469800000000000217e+00,4.077600000000000335e+00,3.848100000000000076e+00,3.933899999999999952e+00,4.441699999999999982e+00
1.616890329526304626e+00,-8.900126456276402642e-01,1.705219037814352578e+00,-4.186237866476786862e-01,6.248400000000000176e+01,7.600000000000000000e+01,2.193700000000000117e+01,6.578000000000000291e+00,3.593999999999999861e+00,7.472500000000000142e+00,4.075800000000000090e+00,3.908100000000000129e+00,3.935799999999999965e+00,4.480800000000000338e+00
1.620463745981114645e+00,-8.889917828801902067e-01,1.708859617084882654e+00,-4.163149496800872540e-01,6.251599999999999824e+01,7.704699999999999704e+01,2.401500000000000057e+01,6.469000000000000306e+00,3.766000000000000014e+00,7.462299999999999933e+00,4.076299999999999812e+00,3.855300000000000171e+00,3.903399999999999981e+00,4.429000000000000270e+00
1.623963861585569379e+00,-8.889917828801902067e-01,1.712338791363122503e+00,-4.163149496800872540e-01,6.254699999999999704e+01,7.606300000000000239e+01,2.400000000000000000e+01,6.514999999999999680e+00,3.766000000000000014e+00,7.447300000000000253e+00,4.073800000000000310e+00,3.884900000000000020e+00,3.887900000000000134e+00,4.559899999999999842e+00
1.627372351127080341e+00,-8.884495819188881205e-01,1.715835899529394970e+00,-4.151223686017859738e-01,6.253199999999999648e+01,7.804699999999999704e+01,2.300000000000000000e+01,6.469000000000000306e+00,3.765000000000000124e+00,7.473399999999999821e+00,4.085799999999999876e+00,3.896799999999999820e+00,3.904100000000000126e+00,4.547900000000000276e+00
1.630835816306358099e+00,-8.876235726419057226e-01,1.719315073807635263e+00,-4.132428608223830402e-01,6.254699999999999704e+01,7.896899999999999409e+01,2.300000000000000000e+01,6.453000000000000291e+00,3.609999999999999876e+00,7.465099999999999625e+00,4.074499999999999567e+00,3.835599999999999898e+00,3.908799999999999830e+00,4.521499999999999631e+00
1.634354257123401322e+00,-8.866238896195060004e-01,1.722901851414068375e+00,-4.109912677465501485e-01,6.257800000000000296e+01,7.601600000000000534e+01,2.390599999999999881e+01,6.453000000000000291e+00,3.593999999999999861e+00,7.464100000000000179e+00,4.071299999999999919e+00,3.822799999999999976e+00,3.896999999999999797e+00,4.523799999999999599e+00
1.637707771027146153e+00,-8.866238896195060004e-01,1.726291356252147580e+00,-4.109912677465501485e-01,6.253099999999999881e+01,7.703199999999999648e+01,2.198400000000000176e+01,6.155999999999999694e+00,3.125000000000000000e+00,7.456000000000000405e+00,4.075199999999999712e+00,3.870200000000000085e+00,4.040700000000000180e+00,4.765699999999999825e+00
1.641116260568657559e+00,-8.861325199983264289e-01,1.729734662754323749e+00,-4.098750118572599965e-01,6.253099999999999881e+01,7.996899999999999409e+01,2.095299999999999940e+01,5.905999999999999694e+00,3.000000000000000000e+00,7.619200000000000195e+00,3.924799999999999844e+00,3.920199999999999907e+00,4.259400000000000297e+00,5.065800000000000303e+00
1.644689677023467134e+00,-8.852726231612626506e-01,1.733375242024853158e+00,-4.079382601860987445e-01,6.251500000000000057e+01,7.600000000000000000e+01,2.300000000000000000e+01,5.578000000000000291e+00,3.265000000000000124e+00,7.622899999999999565e+00,3.917899999999999938e+00,3.917699999999999960e+00,4.229000000000000092e+00,4.976799999999999891e+00
1.648208117840511022e+00,-8.842729401388629284e-01,1.736908217967189971e+00,-4.056866671102657973e-01,6.259400000000000119e+01,7.701500000000000057e+01,2.296799999999999997e+01,5.953000000000000291e+00,3.266000000000000014e+00,7.574900000000000411e+00,3.992900000000000116e+00,3.944199999999999928e+00,4.125899999999999679e+00,4.890900000000000247e+00
1.651616607382021984e+00,-8.842729401388629284e-01,1.740333590581333967e+00,-4.056866671102657973e-01,6.265599999999999881e+01,7.601600000000000534e+01,2.201599999999999824e+01,5.905999999999999694e+00,2.813000000000000167e+00,7.516000000000000014e+00,4.014800000000000146e+00,3.958699999999999886e+00,4.142299999999999649e+00,5.000399999999999956e+00
1.655116722986477162e+00,-8.837646267376427778e-01,1.743884500411702732e+00,-4.045513299237228355e-01,6.264099999999999824e+01,7.600000000000000000e+01,2.196900000000000119e+01,5.953000000000000291e+00,3.000000000000000000e+00,7.568299999999999805e+00,4.038599999999999746e+00,3.992700000000000138e+00,4.172299999999999898e+00,5.016799999999999926e+00
1.658525212527988124e+00,-8.829428534056700251e-01,1.747363674689943247e+00,-4.026909034415728783e-01,6.270400000000000063e+01,7.610899999999999466e+01,2.098400000000000176e+01,5.891000000000000014e+00,2.952999999999999847e+00,7.582099999999999618e+00,4.010799999999999699e+00,3.991999999999999993e+00,4.241399999999999615e+00,5.033500000000000085e+00
1.662098628982798365e+00,-8.819050468781787222e-01,1.750896650632279172e+00,-4.003629851767286918e-01,6.271800000000000352e+01,7.896899999999999409e+01,2.201599999999999824e+01,5.905999999999999694e+00,2.952999999999999847e+00,7.611500000000000377e+00,3.927000000000000046e+00,3.972599999999999909e+00,4.234399999999999942e+00,5.026399999999999757e+00
1.665617069799841587e+00,-8.819050468781787222e-01,1.754483428238712950e+00,-4.003629851767286918e-01,6.284400000000000119e+01,7.600000000000000000e+01,2.301599999999999824e+01,5.687999999999999723e+00,3.108999999999999986e+00,7.593899999999999650e+00,3.944799999999999862e+00,3.978000000000000203e+00,4.240199999999999747e+00,4.973399999999999821e+00
1.669062209766530636e+00,-8.814009694219688829e-01,1.757980536404984973e+00,-3.992467292874385398e-01,6.281300000000000239e+01,7.604699999999999704e+01,2.200000000000000000e+01,5.858999999999999986e+00,2.797000000000000153e+00,7.611900000000000333e+00,3.994499999999999940e+00,3.962899999999999867e+00,4.203500000000000014e+00,4.962299999999999933e+00
1.672635626221340654e+00,-8.805537804199354834e-01,1.761567314011418750e+00,-3.973195182649036372e-01,6.282900000000000063e+01,7.606199999999999761e+01,2.298400000000000176e+01,5.937999999999999723e+00,2.906000000000000139e+00,7.594500000000000028e+00,3.973700000000000010e+00,3.987800000000000011e+00,4.157499999999999751e+00,4.854899999999999771e+00
1.676099091400617747e+00,-8.795668052325661401e-01,1.765100289953754675e+00,-3.950870064863234998e-01,6.284300000000000352e+01,7.604699999999999704e+01,2.296900000000000119e+01,5.937999999999999723e+00,2.906000000000000139e+00,7.545600000000000307e+00,4.034600000000000186e+00,3.966699999999999893e+00,4.152899999999999814e+00,4.849700000000000344e+00
1.679562556579894839e+00,-8.795668052325661401e-01,1.768579464231995191e+00,-3.950870064863234998e-01,6.287500000000000000e+01,7.596899999999999409e+01,2.200000000000000000e+01,6.000000000000000000e+00,2.843999999999999861e+00,7.325000000000000178e+00,4.012500000000000178e+00,4.059999999999999609e+00,4.189400000000000013e+00,4.834999999999999964e+00
1.683117647822116369e+00,-8.790457839963156106e-01,1.772166241838428302e+00,-3.939230473539013788e-01,6.278099999999999881e+01,7.595300000000000296e+01,2.301599999999999824e+01,6.016000000000000014e+00,3.156000000000000139e+00,7.489499999999999602e+00,3.914699999999999847e+00,4.171700000000000408e+00,4.271799999999999820e+00,4.807100000000000151e+00
1.686526137363627331e+00,-8.782240106643428579e-01,1.775609548340604471e+00,-3.920912428176305808e-01,6.279699999999999704e+01,7.610899999999999466e+01,2.201599999999999824e+01,5.905999999999999694e+00,2.952999999999999847e+00,7.390799999999999592e+00,3.971900000000000208e+00,4.169800000000000395e+00,4.317000000000000171e+00,4.854499999999999815e+00
1.690136204243614770e+00,-8.772116198069127568e-01,1.779250127611133880e+00,-3.897919464986655536e-01,6.275000000000000000e+01,7.603100000000000591e+01,2.398400000000000176e+01,5.985000000000000320e+00,2.968999999999999861e+00,7.529600000000000293e+00,3.822999999999999954e+00,4.175600000000000200e+00,4.269199999999999662e+00,4.752200000000000202e+00
1.693599669422892529e+00,-8.772116198069127568e-01,1.782783103553470694e+00,-3.897919464986655536e-01,6.279699999999999704e+01,7.595300000000000296e+01,2.300000000000000000e+01,6.094000000000000306e+00,3.172000000000000153e+00,7.290199999999999569e+00,4.053200000000000358e+00,4.225900000000000212e+00,4.251199999999999868e+00,4.686399999999999899e+00
1.697063134602169621e+00,-8.766948345156726496e-01,1.786280211719743161e+00,-3.886184467176170276e-01,6.290699999999999648e+01,7.604699999999999704e+01,2.293799999999999883e+01,6.108999999999999986e+00,2.797000000000000153e+00,7.402800000000000047e+00,4.052299999999999791e+00,4.241999999999999993e+00,4.258499999999999730e+00,4.759000000000000341e+00
1.700526599781446713e+00,-8.758688252386895856e-01,1.789759385997983454e+00,-3.867961828299726346e-01,6.295300000000000296e+01,7.604699999999999704e+01,2.200000000000000000e+01,5.985000000000000320e+00,2.686999999999999833e+00,7.347199999999999953e+00,4.018600000000000172e+00,4.200499999999999901e+00,4.329299999999999926e+00,4.908500000000000085e+00
1.704045040598490823e+00,-8.748691422162898634e-01,1.793346163604416565e+00,-3.845445897541396874e-01,6.298400000000000176e+01,7.600000000000000000e+01,2.300000000000000000e+01,5.828000000000000291e+00,2.843999999999999861e+00,7.474700000000000344e+00,3.910000000000000142e+00,4.179299999999999571e+00,4.344699999999999562e+00,4.857499999999999929e+00
1.707508505777767915e+00,-8.748691422162898634e-01,1.796825337882656415e+00,-3.845445897541396874e-01,6.298499999999999943e+01,7.593800000000000239e+01,2.201500000000000057e+01,5.891000000000000014e+00,2.468999999999999861e+00,7.378099999999999881e+00,3.971799999999999997e+00,4.197499999999999787e+00,4.265900000000000247e+00,4.880799999999999805e+00
1.711063597019989224e+00,-8.743650647600799131e-01,1.800412115489090192e+00,-3.833710899730912169e-01,6.296900000000000119e+01,7.590699999999999648e+01,2.298499999999999943e+01,5.889999999999999680e+00,2.452999999999999847e+00,7.545399999999999885e+00,3.819700000000000095e+00,4.214900000000000091e+00,4.270400000000000418e+00,4.885900000000000354e+00
1.714527062199266316e+00,-8.735305835930768925e-01,1.803963025319458957e+00,-3.814915821936882834e-01,6.296800000000000352e+01,7.607800000000000296e+01,2.201599999999999824e+01,6.078000000000000291e+00,3.061999999999999833e+00,7.307299999999999685e+00,4.054800000000000182e+00,4.198199999999999932e+00,4.115400000000000169e+00,4.795399999999999885e+00
1.718137129079253977e+00,-8.725181927356467915e-01,1.807585670701956415e+00,-3.792113671719761769e-01,6.290699999999999648e+01,7.604699999999999704e+01,2.396799999999999997e+01,6.250000000000000000e+00,3.266000000000000014e+00,7.379500000000000171e+00,4.040600000000000414e+00,4.159500000000000419e+00,3.893400000000000194e+00,4.693599999999999994e+00
1.721600594258531736e+00,-8.725181927356467915e-01,1.811082778868228882e+00,-3.792113671719761769e-01,6.293699999999999761e+01,7.607800000000000296e+01,2.296799999999999997e+01,6.360000000000000320e+00,3.217999999999999972e+00,7.339199999999999946e+00,4.009800000000000253e+00,4.145699999999999719e+00,3.875100000000000211e+00,4.564899999999999736e+00
1.725119035075574958e+00,-8.719886996093757503e-01,1.814615754810565695e+00,-3.780187860936747302e-01,6.295300000000000296e+01,7.596899999999999409e+01,2.300000000000000000e+01,6.344000000000000306e+00,3.375000000000000000e+00,7.478900000000000325e+00,3.911500000000000199e+00,4.144700000000000273e+00,3.939400000000000013e+00,4.555699999999999861e+00
1.728582500254852716e+00,-8.711499824973623074e-01,1.818148730752901621e+00,-3.761392783142718521e-01,6.304699999999999704e+01,7.598399999999999466e+01,2.298400000000000176e+01,6.312999999999999723e+00,3.266000000000000014e+00,7.389400000000000190e+00,3.981500000000000039e+00,4.152800000000000047e+00,3.980700000000000127e+00,4.555900000000000283e+00
1.732137591497074247e+00,-8.701502994749632514e-01,1.821789310023431918e+00,-3.738876852384389049e-01,6.309400000000000119e+01,7.596899999999999409e+01,2.400000000000000000e+01,6.358999999999999986e+00,3.250000000000000000e+00,7.519000000000000128e+00,3.840899999999999981e+00,4.114700000000000024e+00,3.973899999999999988e+00,4.670300000000000118e+00
1.735601056676351339e+00,-8.701502994749632514e-01,1.825286418189704385e+00,-3.738876852384389049e-01,6.309300000000000352e+01,7.604699999999999704e+01,2.301599999999999824e+01,6.296999999999999709e+00,3.217999999999999972e+00,7.246199999999999974e+00,4.086199999999999832e+00,4.124600000000000044e+00,3.988100000000000200e+00,4.688699999999999868e+00
1.739119497493395228e+00,-8.696208063486920992e-01,1.828819394132040976e+00,-3.726951041601376247e-01,6.307800000000000296e+01,7.604699999999999704e+01,2.300000000000000000e+01,6.516000000000000014e+00,3.563000000000000167e+00,7.384999999999999787e+00,4.074799999999999756e+00,4.123999999999999666e+00,3.879799999999999915e+00,4.615700000000000358e+00
1.742619613097849740e+00,-8.687863251816889676e-01,1.832352370074377124e+00,-3.708155963807346911e-01,6.306300000000000239e+01,7.598399999999999466e+01,2.301500000000000057e+01,6.625000000000000000e+00,3.313000000000000167e+00,7.332600000000000229e+00,4.047399999999999665e+00,4.095100000000000406e+00,3.821699999999999875e+00,4.538000000000000256e+00
1.746193029552659981e+00,-8.677866421592892454e-01,1.835992949344907421e+00,-3.685640033049017994e-01,6.310999999999999943e+01,7.596899999999999409e+01,2.400000000000000000e+01,6.608999999999999986e+00,3.327999999999999847e+00,7.464100000000000179e+00,3.929699999999999971e+00,4.014300000000000423e+00,3.771100000000000119e+00,4.542600000000000193e+00
1.749656494731937073e+00,-8.677866421592892454e-01,1.839472123623147048e+00,-3.685640033049017994e-01,6.310999999999999943e+01,7.601600000000000534e+01,2.300000000000000000e+01,6.655999999999999694e+00,3.311999999999999833e+00,7.342900000000000205e+00,4.006999999999999673e+00,3.988999999999999879e+00,3.793099999999999916e+00,4.618999999999999773e+00
1.753211585974158382e+00,-8.672444411979878254e-01,1.843058901229580826e+00,-3.673428002807211934e-01,6.309400000000000119e+01,7.606300000000000239e+01,2.395299999999999940e+01,6.562000000000000277e+00,3.438000000000000167e+00,7.541299999999999670e+00,3.839900000000000091e+00,4.014800000000000146e+00,3.845000000000000195e+00,4.682500000000000107e+00
1.756620075515669344e+00,-8.664226678660150727e-01,1.846556009395852627e+00,-3.654823737985711807e-01,6.312500000000000000e+01,7.610899999999999466e+01,2.300000000000000000e+01,6.421999999999999709e+00,3.266000000000000014e+00,7.291299999999999670e+00,4.080400000000000027e+00,4.030000000000000249e+00,3.851100000000000190e+00,4.707900000000000418e+00
1.760230142395657005e+00,-8.654102770085850826e-01,1.850178654778350751e+00,-3.632307807227382890e-01,6.315599999999999881e+01,7.600000000000000000e+01,2.398499999999999943e+01,6.514999999999999680e+00,3.563000000000000167e+00,7.324099999999999611e+00,4.100999999999999979e+00,4.015200000000000102e+00,3.817800000000000082e+00,4.636400000000000077e+00
1.763693607574934097e+00,-8.654102770085850826e-01,1.853675762944622551e+00,-3.632307807227382890e-01,6.318699999999999761e+01,7.604699999999999704e+01,2.298400000000000176e+01,6.687999999999999723e+00,3.733999999999999986e+00,7.297500000000000320e+00,4.053200000000000358e+00,3.971499999999999808e+00,3.808199999999999807e+00,4.559400000000000119e+00
1.767321999667510246e+00,-8.648553682122532837e-01,1.857316342215152627e+00,-3.619618744554255474e-01,6.320300000000000296e+01,7.596899999999999409e+01,2.495299999999999940e+01,6.641000000000000014e+00,3.672000000000000153e+00,7.483500000000000263e+00,3.933499999999999996e+00,3.941800000000000193e+00,3.777600000000000069e+00,4.568999999999999950e+00
1.770767139634199294e+00,-8.640335948802805310e-01,1.860795516493392476e+00,-3.601109886219019396e-01,6.325000000000000000e+01,7.601600000000000534e+01,2.395299999999999940e+01,6.719000000000000306e+00,3.265000000000000124e+00,7.341300000000000381e+00,4.021799999999999820e+00,3.904900000000000038e+00,3.821699999999999875e+00,4.661699999999999733e+00
1.774285580451242739e+00,-8.630466196929111877e-01,1.864328492435729068e+00,-3.578784768433218022e-01,6.325000000000000000e+01,7.600000000000000000e+01,2.395400000000000063e+01,6.733999999999999986e+00,2.983999999999999986e+00,7.501199999999999868e+00,3.866099999999999870e+00,3.898899999999999810e+00,3.838400000000000034e+00,4.732099999999999973e+00
1.777694069992754144e+00,-8.630466196929111877e-01,1.867879402266098054e+00,-3.578784768433218022e-01,6.320300000000000296e+01,7.603100000000000591e+01,2.300000000000000000e+01,6.608999999999999986e+00,3.000000000000000000e+00,7.242099999999999760e+00,4.094400000000000261e+00,3.918800000000000061e+00,3.870000000000000107e+00,4.762500000000000178e+00
1.781304136872741806e+00,-8.625044187316096567e-01,1.871466179872531832e+00,-3.566858957650205775e-01,6.323499999999999943e+01,7.596899999999999409e+01,2.400000000000000000e+01,6.608999999999999986e+00,3.172000000000000153e+00,7.327200000000000379e+00,4.132600000000000051e+00,3.981199999999999850e+00,3.854600000000000026e+00,4.700400000000000134e+00
1.784822577689785028e+00,-8.616699375646066361e-01,1.874999155814867979e+00,-3.547777660397384847e-01,6.326599999999999824e+01,7.598499999999999943e+01,2.395299999999999940e+01,6.671999999999999709e+00,3.047000000000000153e+00,7.343099999999999739e+00,4.052900000000000169e+00,3.953899999999999970e+00,3.825899999999999856e+00,4.656200000000000117e+00
1.788341018506829139e+00,-8.606787264322275366e-01,1.878585933421301757e+00,-3.525547949097846967e-01,6.326599999999999824e+01,7.600000000000000000e+01,2.398400000000000176e+01,6.562000000000000277e+00,3.313000000000000167e+00,7.435299999999999798e+00,3.954000000000000181e+00,3.886000000000000121e+00,3.829299999999999926e+00,4.684000000000000163e+00
1.791841134111283651e+00,-8.606787264322275366e-01,1.882118909363637682e+00,-3.525547949097846967e-01,6.325000000000000000e+01,7.598499999999999943e+01,2.403099999999999881e+01,6.546999999999999709e+00,3.311999999999999833e+00,7.281900000000000261e+00,4.044100000000000250e+00,3.880799999999999805e+00,3.814200000000000035e+00,4.690599999999999881e+00
1.795359574928327540e+00,-8.601365254709261166e-01,1.885651885305974496e+00,-3.513335918856040907e-01,6.325000000000000000e+01,7.604699999999999704e+01,2.393700000000000117e+01,6.546999999999999709e+00,3.282000000000000028e+00,7.518799999999999706e+00,3.871599999999999930e+00,3.914699999999999847e+00,3.839500000000000135e+00,4.694899999999999629e+00
1.798823040107604632e+00,-8.593147521389533638e-01,1.889148993472246962e+00,-3.494827060520804829e-01,6.328099999999999881e+01,7.598399999999999466e+01,2.300000000000000000e+01,6.530999999999999694e+00,2.858999999999999986e+00,7.283900000000000041e+00,4.080400000000000027e+00,3.804499999999999993e+00,3.895500000000000185e+00,4.786699999999999733e+00
1.802378131349826162e+00,-8.583150691165536417e-01,1.892771638854744420e+00,-3.472311129762475912e-01,6.335999999999999943e+01,7.600000000000000000e+01,2.396799999999999997e+01,6.516000000000000014e+00,3.061999999999999833e+00,7.303099999999999703e+00,4.139499999999999957e+00,3.865899999999999892e+00,3.884199999999999875e+00,4.830499999999999794e+00
1.805841596529103255e+00,-8.583150691165536417e-01,1.896268747021016887e+00,-3.472311129762475912e-01,6.332800000000000296e+01,7.595399999999999352e+01,2.298400000000000176e+01,6.516000000000000014e+00,3.108999999999999986e+00,7.303899999999999615e+00,4.066099999999999604e+00,3.926200000000000134e+00,3.792699999999999960e+00,4.781299999999999883e+00
1.809415012983913273e+00,-8.577728681552522216e-01,1.899909326291546963e+00,-3.460099099520669852e-01,6.337500000000000000e+01,7.596899999999999409e+01,2.400000000000000000e+01,6.453000000000000291e+00,3.217999999999999972e+00,7.456500000000000128e+00,3.960100000000000176e+00,3.948700000000000099e+00,3.778099999999999792e+00,4.778699999999999726e+00
1.812915128588368452e+00,-8.569383869882490901e-01,1.903442302233883110e+00,-3.441304021726640516e-01,6.335900000000000176e+01,7.598399999999999466e+01,2.396900000000000119e+01,6.467999999999999972e+00,2.813000000000000167e+00,7.314700000000000202e+00,4.056600000000000428e+00,3.891599999999999948e+00,3.811700000000000088e+00,4.839800000000000324e+00
1.816433569405411896e+00,-8.559387039658493679e-01,1.907029079840316887e+00,-3.418692684482047550e-01,6.337500000000000000e+01,7.707800000000000296e+01,2.403099999999999881e+01,6.437999999999999723e+00,3.047000000000000153e+00,7.540099999999999802e+00,3.848199999999999843e+00,3.876399999999999846e+00,3.843500000000000139e+00,4.889100000000000001e+00
1.819897034584689655e+00,-8.559387039658493679e-01,1.910508254118556737e+00,-3.418692684482047550e-01,6.342099999999999937e+01,7.604699999999999704e+01,2.300000000000000000e+01,6.344000000000000306e+00,3.015000000000000124e+00,7.277800000000000047e+00,4.086700000000000443e+00,3.868900000000000006e+00,3.925399999999999778e+00,4.891300000000000203e+00
1.823452125826910297e+00,-8.554092108395788818e-01,1.914095031724989848e+00,-3.406766873699034748e-01,6.337500000000000000e+01,7.596899999999999409e+01,2.300000000000000000e+01,6.516000000000000014e+00,3.015000000000000124e+00,7.380399999999999849e+00,4.106900000000000439e+00,3.908300000000000107e+00,3.845899999999999874e+00,4.767299999999999649e+00
1.827025542281720538e+00,-8.545620218375448163e-01,1.917681809331423404e+00,-3.387685576446213820e-01,6.342199999999999704e+01,7.607800000000000296e+01,2.396900000000000119e+01,6.578000000000000291e+00,2.702999999999999847e+00,7.396799999999999820e+00,4.018600000000000172e+00,3.907200000000000006e+00,3.823999999999999844e+00,4.668499999999999872e+00
1.830580633523941847e+00,-8.535623388151450941e-01,1.921322388601953035e+00,-3.365169645687884348e-01,6.343699999999999761e+01,7.601600000000000534e+01,2.496799999999999997e+01,6.610000000000000320e+00,2.811999999999999833e+00,7.487899999999999778e+00,3.925600000000000200e+00,3.922699999999999854e+00,3.778900000000000148e+00,4.690900000000000070e+00
1.833989123065452809e+00,-8.535623388151450941e-01,1.924765695104128538e+00,-3.365169645687884348e-01,6.343800000000000239e+01,7.598499999999999943e+01,2.303099999999999881e+01,6.687999999999999723e+00,2.906000000000000139e+00,7.264999999999999680e+00,4.066499999999999559e+00,3.868399999999999839e+00,3.826999999999999957e+00,4.862899999999999778e+00
1.837562539520262828e+00,-8.530328456888746080e-01,1.928352472710562315e+00,-3.353530054363663693e-01,6.346900000000000119e+01,7.706199999999999761e+01,2.300000000000000000e+01,6.516000000000000014e+00,2.797000000000000153e+00,7.603200000000000180e+00,3.824300000000000033e+00,3.907300000000000217e+00,3.882600000000000051e+00,4.923399999999999999e+00
1.841026004699539920e+00,-8.521941285768612762e-01,1.931885448652898907e+00,-3.334734976569634357e-01,6.348400000000000176e+01,7.603199999999999648e+01,2.293799999999999883e+01,6.360000000000000320e+00,2.342999999999999972e+00,7.330700000000000216e+00,4.064799999999999969e+00,3.909899999999999931e+00,3.945899999999999963e+00,4.899399999999999977e+00
1.844636071579527581e+00,-8.511944455544615540e-01,1.935526027923428538e+00,-3.311932826352511627e-01,6.353099999999999881e+01,7.606300000000000239e+01,2.390599999999999881e+01,6.453000000000000291e+00,2.704000000000000181e+00,7.361600000000000144e+00,4.096899999999999764e+00,3.956599999999999895e+00,3.847599999999999909e+00,4.787499999999999645e+00
1.845808885185208581e+00,-8.511944455544615540e-01,1.936817267861744574e+00,-3.311932826352511627e-01,6.351500000000000057e+01,7.595300000000000296e+01,2.398400000000000176e+01,6.532000000000000028e+00,2.858999999999999986e+00,7.341999999999999638e+00,4.037700000000000067e+00,3.929800000000000182e+00,3.800499999999999989e+00,4.760699999999999932e+00
1.845808885185208581e+00,-8.511944455544615540e-01,1.936817267861744574e+00,-3.311932826352511627e-01,6.356300000000000239e+01,7.598499999999999943e+01,2.396900000000000119e+01,6.500000000000000000e+00,2.811999999999999833e+00,7.547299999999999898e+00,3.901400000000000201e+00,3.917400000000000215e+00,3.781299999999999883e+00,4.782799999999999940e+00
-1.477413442150312228e+00,-2.174292969131764175e-01,-1.497468488633945327e+00,-3.227402679522513584e-01,4.839099999999999824e+01,7.596899999999999409e+01,2.501599999999999824e+01,7.828000000000000291e+00,1.121799999999999997e+01,6.500300000000000189e+00,2.927099999999999813e+00,3.920900000000000052e+00,4.129100000000000215e+00,4.255499999999999616e+00
-1.474829587175295442e+00,-2.174292969131764175e-01,-1.494832207093216958e+00,-3.227402679522513584e-01,4.837500000000000000e+01,8.592199999999999704e+01,2.196900000000000119e+01,7.828000000000000291e+00,1.121899999999999942e+01,6.463300000000000267e+00,2.981500000000000039e+00,3.921100000000000030e+00,4.120300000000000296e+00,4.270199999999999996e+00
-1.472025829649213913e+00,-2.167939051616512014e-01,-1.491944851120038384e+00,-3.213091706582896778e-01,4.840599999999999881e+01,7.698499999999999943e+01,2.300000000000000000e+01,7.828000000000000291e+00,1.121799999999999997e+01,6.399300000000000210e+00,3.036200000000000010e+00,3.919700000000000184e+00,4.116399999999999615e+00,4.247499999999999609e+00
-1.469277047760898736e+00,-2.161330977400653386e-01,-1.489147164587020233e+00,-3.198017481753169244e-01,4.839099999999999824e+01,7.690600000000000591e+01,2.300000000000000000e+01,7.812999999999999723e+00,1.120299999999999940e+01,6.527499999999999858e+00,2.923700000000000188e+00,3.927799999999999958e+00,4.130499999999999616e+00,4.263200000000000323e+00
-1.466528265872583114e+00,-2.151461225526959675e-01,-1.486367411942034700e+00,-3.175692363967367871e-01,4.837500000000000000e+01,7.598499999999999943e+01,2.298400000000000176e+01,7.812000000000000277e+00,1.120400000000000063e+01,6.527300000000000324e+00,2.926200000000000134e+00,3.920900000000000052e+00,4.129599999999999937e+00,4.261499999999999844e+00
-1.463779483984267715e+00,-2.151461225526959675e-01,-1.483569725409016993e+00,-3.175692363967367871e-01,4.839000000000000057e+01,7.598399999999999466e+01,2.196799999999999997e+01,7.844000000000000306e+00,1.120299999999999940e+01,6.528299999999999770e+00,2.922400000000000109e+00,3.925199999999999800e+00,4.125399999999999956e+00,4.273799999999999599e+00
-1.460920750820419833e+00,-2.144980229661404281e-01,-1.480682369435837975e+00,-3.161095171568959472e-01,4.839099999999999824e+01,7.598499999999999943e+01,2.398499999999999943e+01,7.842999999999999972e+00,1.118800000000000061e+01,6.521300000000000097e+00,2.927400000000000002e+00,3.938600000000000101e+00,4.126400000000000290e+00,4.263499999999999623e+00
-1.458226944569870787e+00,-2.138372155445539546e-01,-1.477902616790852219e+00,-3.146593385656815123e-01,4.837500000000000000e+01,7.590600000000000591e+01,2.301599999999999824e+01,7.842999999999999972e+00,1.120299999999999940e+01,6.481099999999999639e+00,2.980100000000000193e+00,3.925899999999999945e+00,4.125899999999999679e+00,4.248099999999999987e+00
-1.455478162681555387e+00,-2.128502403571851664e-01,-1.475104930257834512e+00,-3.124077454898486206e-01,4.839000000000000057e+01,7.598399999999999466e+01,2.301599999999999824e+01,7.828000000000000291e+00,1.117200000000000060e+01,6.387400000000000411e+00,3.040299999999999780e+00,3.903900000000000148e+00,4.115800000000000125e+00,4.236799999999999677e+00
-1.452784356431006341e+00,-2.128502403571851664e-01,-1.472307243724816361e+00,-3.124077454898486206e-01,4.848400000000000176e+01,7.696899999999999409e+01,2.200000000000000000e+01,8.031000000000000583e+00,1.050000000000000000e+01,6.526500000000000412e+00,2.922899999999999832e+00,3.954600000000000115e+00,4.009100000000000108e+00,4.057000000000000384e+00
-1.450035574542690942e+00,-2.122487361657412197e-01,-1.469581292743927126e+00,-3.110529733848982348e-01,4.845300000000000296e+01,7.798399999999999466e+01,2.100000000000000000e+01,8.516000000000000014e+00,1.004700000000000060e+01,6.531399999999999650e+00,2.939400000000000013e+00,4.002799999999999692e+00,3.951799999999999979e+00,3.935200000000000031e+00
-1.447231817016609412e+00,-2.115667490191044386e-01,-1.466693936770748552e+00,-3.095169289560461001e-01,4.850000000000000000e+01,7.598499999999999943e+01,2.198400000000000176e+01,8.811999999999999389e+00,9.891000000000000014e+00,6.637100000000000222e+00,2.861499999999999932e+00,4.018099999999999561e+00,3.925300000000000011e+00,3.848300000000000054e+00
-1.444428059490527438e+00,-2.105670659967047165e-01,-1.463788646909537805e+00,-3.072653358802132084e-01,4.862500000000000000e+01,7.598499999999999943e+01,2.301599999999999824e+01,8.952999999999999403e+00,9.750000000000000000e+00,6.504900000000000126e+00,2.933100000000000041e+00,4.008799999999999919e+00,3.927200000000000024e+00,3.793200000000000127e+00
-1.441734253239978614e+00,-2.105670659967047165e-01,-1.461098563704712694e+00,-3.072653358802132084e-01,4.859400000000000119e+01,7.696899999999999409e+01,2.100000000000000000e+01,8.984999999999999432e+00,9.733999999999999986e+00,6.461000000000000298e+00,2.976399999999999935e+00,4.022899999999999920e+00,3.961100000000000065e+00,3.914899999999999824e+00
-1.438893845288719220e+00,-2.099316742451795004e-01,-1.458175339955469774e+00,-3.058533198835045042e-01,4.854699999999999704e+01,7.598499999999999943e+01,2.293700000000000117e+01,8.968999999999999417e+00,9.467999999999999972e+00,6.372300000000000075e+00,3.066399999999999793e+00,4.038199999999999790e+00,3.962299999999999933e+00,3.801400000000000112e+00
-1.436145063400404043e+00,-2.092751027686033383e-01,-1.455377653422451623e+00,-3.043458974005315842e-01,4.854699999999999704e+01,7.598399999999999466e+01,2.300000000000000000e+01,8.858999999999999986e+00,9.438000000000000611e+00,6.109499999999999709e+00,3.283700000000000063e+00,4.013499999999999623e+00,3.946800000000000086e+00,3.829499999999999904e+00
-1.433432931937266064e+00,-2.082965994712545899e-01,-1.452633768553530436e+00,-3.021515482164571220e-01,4.860900000000000176e+01,7.595399999999999352e+01,2.193799999999999883e+01,8.891000000000000014e+00,9.031000000000000583e+00,6.535499999999999865e+00,2.933100000000000041e+00,4.009699999999999598e+00,3.928599999999999870e+00,3.725000000000000089e+00
-1.430647499623773244e+00,-2.082965994712545899e-01,-1.449800214244448382e+00,-3.021515482164571220e-01,4.867199999999999704e+01,8.196899999999999409e+01,2.200000000000000000e+01,9.141000000000000014e+00,8.656000000000000583e+00,6.612599999999999589e+00,2.860199999999999854e+00,4.034799999999999720e+00,3.937800000000000189e+00,3.826900000000000190e+00
-1.427898717735457845e+00,-2.076866233897906311e-01,-1.446966659935366106e+00,-3.007967761115067362e-01,4.873499999999999943e+01,7.601600000000000534e+01,2.196900000000000119e+01,9.313000000000000611e+00,8.202999999999999403e+00,6.523600000000000065e+00,2.946699999999999875e+00,4.004699999999999704e+00,3.876199999999999868e+00,3.689700000000000202e+00
-1.425149935847142446e+00,-2.070385238032344810e-01,-1.444168973402347955e+00,-2.993084349257867927e-01,4.879699999999999704e+01,7.598399999999999466e+01,2.100000000000000000e+01,9.468999999999999417e+00,8.063000000000000611e+00,6.419200000000000017e+00,3.036399999999999988e+00,3.966699999999999893e+00,3.883999999999999897e+00,3.766300000000000203e+00
-1.422291202683294342e+00,-2.060261329458044355e-01,-1.441281617429169382e+00,-2.970282199040746862e-01,4.879699999999999704e+01,7.598399999999999466e+01,2.296799999999999997e+01,9.593999999999999417e+00,7.921999999999999709e+00,6.387900000000000134e+00,3.059499999999999886e+00,3.923599999999999977e+00,3.882400000000000073e+00,3.690199999999999925e+00
-1.419597396432745295e+00,-2.060261329458044355e-01,-1.438537732560247973e+00,-2.970282199040746862e-01,4.876500000000000057e+01,7.596899999999999409e+01,2.096799999999999997e+01,9.438000000000000611e+00,7.953000000000000291e+00,6.288299999999999557e+00,3.134799999999999809e+00,3.984799999999999898e+00,3.919399999999999995e+00,3.796199999999999797e+00
-1.416848614544429896e+00,-2.054246287543604887e-01,-1.435704178251165697e+00,-2.957116103936298646e-01,4.878199999999999648e+01,7.798499999999999943e+01,2.103099999999999881e+01,9.266000000000000014e+00,7.905999999999999694e+00,6.571200000000000152e+00,2.920500000000000096e+00,4.022599999999999731e+00,3.891300000000000203e+00,3.704800000000000093e+00
-1.416647037205953641e+00,-2.047553494427540310e-01,-1.435345500490522452e+00,-2.941660253161513805e-01,4.879699999999999704e+01,7.596800000000000352e+01,2.196900000000000119e+01,9.250000000000000000e+00,7.703000000000000291e+00,6.509100000000000108e+00,2.971400000000000041e+00,4.000700000000000145e+00,3.851100000000000190e+00,3.742500000000000160e+00
-1.416647037205953641e+00,-2.037683742553852428e-01,-1.435345500490522452e+00,-2.919716761320769183e-01,4.898499999999999943e+01,7.598499999999999943e+01,2.198499999999999943e+01,9.186999999999999389e+00,7.266000000000000014e+00,6.448699999999999655e+00,3.000399999999999956e+00,3.974000000000000199e+00,3.837099999999999955e+00,3.725400000000000045e+00
-1.401730314158695423e+00,-2.014597842248435355e-01,-1.427077978107693879e+00,-2.867720226306830211e-01,4.906199999999999761e+01,7.795300000000000296e+01,2.500000000000000000e+01,9.531000000000000583e+00,6.171999999999999709e+00,6.463700000000000223e+00,3.005900000000000016e+00,3.976700000000000124e+00,3.861299999999999955e+00,3.761600000000000055e+00
-1.398981532270380024e+00,-2.014597842248435355e-01,-1.424244423798611603e+00,-2.867720226306830211e-01,4.906300000000000239e+01,7.692199999999999704e+01,2.400000000000000000e+01,9.563000000000000611e+00,6.171999999999999709e+00,6.310699999999999754e+00,3.135200000000000209e+00,3.962800000000000100e+00,3.840300000000000047e+00,3.753499999999999837e+00
-1.396232750382064625e+00,-2.008625159784098724e-01,-1.421446737265593674e+00,-2.854267911743592068e-01,4.906199999999999761e+01,7.596899999999999409e+01,2.300000000000000000e+01,9.531000000000000583e+00,6.171999999999999709e+00,6.370400000000000063e+00,3.078800000000000203e+00,3.990400000000000169e+00,3.857400000000000162e+00,3.758799999999999919e+00
-1.393483968493749448e+00,-2.002017085568234267e-01,-1.418666984620608140e+00,-2.839384499886392632e-01,4.909400000000000119e+01,7.593800000000000239e+01,2.189000000000000057e+01,9.563000000000000611e+00,6.171999999999999709e+00,6.324699999999999989e+00,3.118799999999999795e+00,3.975000000000000089e+00,3.857899999999999885e+00,3.751700000000000035e+00
-1.390625235329901344e+00,-1.991893176993933812e-01,-1.415725826983332825e+00,-2.816582349669269902e-01,4.907800000000000296e+01,7.596899999999999409e+01,2.401599999999999824e+01,9.547000000000000597e+00,6.171000000000000263e+00,6.332099999999999618e+00,3.106199999999999850e+00,3.969899999999999984e+00,3.861299999999999955e+00,3.750100000000000211e+00
-1.387931429079352297e+00,-1.991893176993933812e-01,-1.412981942114411416e+00,-2.816582349669269902e-01,4.907800000000000296e+01,7.592199999999999704e+01,2.196900000000000119e+01,9.531000000000000583e+00,6.171999999999999709e+00,6.304299999999999571e+00,3.126500000000000057e+00,3.976999999999999869e+00,3.857699999999999907e+00,3.780100000000000016e+00
-1.385127671553270545e+00,-1.986005213429803684e-01,-1.410148387805329140e+00,-2.803320848078559302e-01,4.909400000000000119e+01,7.592100000000000648e+01,2.196900000000000119e+01,9.561999999999999389e+00,6.157000000000000028e+00,6.482800000000000118e+00,3.011400000000000077e+00,3.987699999999999800e+00,3.857800000000000118e+00,3.767500000000000071e+00
-1.382287263602011373e+00,-1.979185341963429490e-01,-1.407261031832150566e+00,-2.787960403790038511e-01,4.904699999999999704e+01,7.698399999999999466e+01,2.300000000000000000e+01,9.531000000000000583e+00,6.155999999999999694e+00,6.313200000000000145e+00,3.130700000000000038e+00,3.978699999999999903e+00,3.858400000000000052e+00,3.758999999999999897e+00
-1.379483506075929844e+00,-1.969315590089741885e-01,-1.404409543635036117e+00,-2.765730692490500631e-01,4.904699999999999704e+01,7.593800000000000239e+01,2.300000000000000000e+01,9.531000000000000583e+00,6.171999999999999709e+00,6.353600000000000136e+00,3.076900000000000190e+00,3.971200000000000063e+00,3.853499999999999925e+00,3.752899999999999903e+00
-1.376789699825380575e+00,-1.969315590089741885e-01,-1.401629790990050362e+00,-2.765730692490500631e-01,4.914000000000000057e+01,7.698399999999999466e+01,2.200000000000000000e+01,9.327999999999999403e+00,5.750000000000000000e+00,6.322199999999999598e+00,3.123800000000000132e+00,3.962400000000000144e+00,3.919399999999999995e+00,3.842900000000000205e+00
-1.373985942299299046e+00,-1.963639423776114834e-01,-1.398778302792936135e+00,-2.752755410358582178e-01,4.915599999999999881e+01,7.596899999999999409e+01,2.195299999999999940e+01,9.343999999999999417e+00,5.391000000000000014e+00,6.344299999999999606e+00,3.109599999999999920e+00,3.979400000000000048e+00,3.956399999999999917e+00,3.876999999999999780e+00
-1.371237160410983424e+00,-1.956946630660050257e-01,-1.395944748483853637e+00,-2.737871998501382187e-01,4.923400000000000176e+01,7.598499999999999943e+01,2.200000000000000000e+01,9.077999999999999403e+00,4.969000000000000306e+00,6.316900000000000404e+00,3.115600000000000147e+00,3.987400000000000055e+00,4.073199999999999932e+00,3.909199999999999786e+00
-1.368433402884901895e+00,-1.947076878786356269e-01,-1.393111194174771583e+00,-2.715642287201844307e-01,4.921900000000000119e+01,7.598399999999999466e+01,2.203099999999999881e+01,9.016000000000000014e+00,4.953000000000000291e+00,6.467900000000000205e+00,3.007800000000000029e+00,3.979499999999999815e+00,4.006899999999999906e+00,3.806400000000000006e+00
-1.365629645358820143e+00,-1.947076878786356269e-01,-1.390259705977657134e+00,-2.715642287201844307e-01,4.923499999999999943e+01,7.596899999999999409e+01,2.196900000000000119e+01,9.172000000000000597e+00,4.983999999999999986e+00,6.299299999999999677e+00,3.132499999999999840e+00,4.002699999999999925e+00,4.016899999999999693e+00,3.838799999999999990e+00
-1.362789237407560972e+00,-1.941315993572529375e-01,-1.387336482228413992e+00,-2.702380785611134262e-01,4.928099999999999881e+01,7.696800000000000352e+01,2.298400000000000176e+01,9.172000000000000597e+00,4.953000000000000291e+00,6.335099999999999731e+00,3.128400000000000070e+00,4.048300000000000232e+00,4.002699999999999925e+00,3.777600000000000069e+00
-1.359985479881479220e+00,-1.934580841006361407e-01,-1.384538795695396063e+00,-2.687592780240198320e-01,4.926500000000000057e+01,7.598499999999999943e+01,2.203200000000000003e+01,9.390000000000000568e+00,4.937999999999999723e+00,6.273799999999999599e+00,3.163699999999999957e+00,4.003899999999999793e+00,4.001800000000000246e+00,3.843300000000000161e+00
-1.357181722355397691e+00,-1.924711089132673525e-01,-1.381651439722217489e+00,-2.664981442995604799e-01,4.929699999999999704e+01,7.593800000000000239e+01,2.296900000000000119e+01,9.327999999999999403e+00,4.546999999999999709e+00,6.243500000000000050e+00,3.196499999999999897e+00,4.011099999999999888e+00,4.027999999999999581e+00,3.772100000000000009e+00
-1.354432940467082291e+00,-1.924711089132673525e-01,-1.378853753189199560e+00,-2.664981442995604799e-01,4.931300000000000239e+01,7.698399999999999466e+01,2.195299999999999940e+01,9.188000000000000611e+00,4.280999999999999694e+00,6.308399999999999785e+00,3.115600000000000147e+00,4.003199999999999648e+00,4.053499999999999659e+00,3.880100000000000104e+00
-1.351629182941000540e+00,-1.919077282269149864e-01,-1.376020198880117507e+00,-2.652578599781271196e-01,4.935900000000000176e+01,7.595300000000000296e+01,2.203099999999999881e+01,9.157000000000000028e+00,4.139999999999999680e+00,6.450199999999999712e+00,3.047200000000000131e+00,4.042300000000000004e+00,4.055399999999999672e+00,3.786300000000000221e+00
-1.348788774989741368e+00,-1.912257410802775948e-01,-1.373079041242842191e+00,-2.636931936033957147e-01,4.940699999999999648e+01,7.598399999999999466e+01,2.296900000000000119e+01,9.172000000000000597e+00,4.078000000000000291e+00,6.262800000000000367e+00,3.185700000000000198e+00,4.037300000000000111e+00,4.027400000000000091e+00,3.809400000000000119e+00
-1.345985017463659617e+00,-1.902472377829288186e-01,-1.370299288597856435e+00,-2.614893037706949031e-01,4.939000000000000057e+01,7.596899999999999409e+01,2.195400000000000063e+01,9.265000000000000568e+00,4.000000000000000000e+00,6.348600000000000243e+00,3.103499999999999925e+00,4.039500000000000313e+00,4.038000000000000256e+00,3.727700000000000014e+00
-1.343181259937578087e+00,-1.902472377829288186e-01,-1.367393998736645688e+00,-2.614893037706949031e-01,4.945300000000000296e+01,7.598399999999999466e+01,2.198400000000000176e+01,9.172000000000000597e+00,3.983999999999999986e+00,6.363400000000000389e+00,3.098199999999999843e+00,4.033000000000000362e+00,4.037499999999999645e+00,3.843399999999999928e+00
-1.340340851986318693e+00,-1.896838570965764248e-01,-1.364506642763466671e+00,-2.602203975033821615e-01,4.945300000000000296e+01,7.598399999999999466e+01,2.301599999999999824e+01,9.218999999999999417e+00,3.922000000000000153e+00,6.334699999999999775e+00,3.131600000000000161e+00,4.065299999999999692e+00,4.095699999999999896e+00,3.866899999999999782e+00
-1.338105176050488954e+00,-1.890230496749905620e-01,-1.362175237319285248e+00,-2.587606782635413216e-01,4.945300000000000296e+01,7.596800000000000352e+01,2.100000000000000000e+01,9.077999999999999403e+00,3.968999999999999861e+00,6.264599999999999724e+00,3.175100000000000033e+00,4.030000000000000249e+00,4.069099999999999717e+00,3.900999999999999801e+00
-1.334788312571921765e+00,-1.880106588175605442e-01,-1.358839534145302341e+00,-2.564804632418292707e-01,4.951599999999999824e+01,7.696899999999999409e+01,2.200000000000000000e+01,9.015000000000000568e+00,3.781000000000000139e+00,6.450000000000000178e+00,3.037500000000000089e+00,4.036299999999999777e+00,4.041199999999999903e+00,3.792300000000000004e+00
-1.331984555045840013e+00,-1.880106588175605442e-01,-1.355988045948187892e+00,-2.564804632418292707e-01,4.957800000000000296e+01,7.596800000000000352e+01,2.198400000000000176e+01,9.016000000000000014e+00,3.577999999999999847e+00,6.384000000000000341e+00,3.075699999999999878e+00,4.046299999999999564e+00,4.004100000000000215e+00,3.771900000000000031e+00
-1.329180797519758261e+00,-1.874811656912894198e-01,-1.353154491639105617e+00,-2.552688008662752361e-01,4.953099999999999881e+01,7.596800000000000352e+01,2.095299999999999940e+01,9.016000000000000014e+00,3.563000000000000167e+00,6.388799999999999812e+00,3.095800000000000107e+00,4.079500000000000348e+00,4.015500000000000291e+00,3.779500000000000082e+00
-1.326340389568499090e+00,-1.867864707096217047e-01,-1.350213334001830523e+00,-2.537327564374229349e-01,4.957800000000000296e+01,7.598499999999999943e+01,2.195299999999999940e+01,9.031000000000000583e+00,3.672000000000000153e+00,6.318699999999999761e+00,3.154100000000000126e+00,4.035499999999999865e+00,4.020100000000000229e+00,3.859300000000000175e+00
-1.323591607680183690e+00,-1.858122033572832399e-01,-1.347433581356844767e+00,-2.515288666047221233e-01,4.954699999999999704e+01,7.592199999999999704e+01,2.100000000000000000e+01,9.031000000000000583e+00,3.531000000000000139e+00,6.323900000000000077e+00,3.117199999999999971e+00,4.006999999999999673e+00,4.017000000000000348e+00,3.773000000000000131e+00
-1.320842825791868513e+00,-1.858122033572832399e-01,-1.344582093159730540e+00,-2.515288666047221233e-01,4.954699999999999704e+01,7.696899999999999409e+01,2.000000000000000000e+01,9.016000000000000014e+00,3.515000000000000124e+00,6.564099999999999824e+00,2.954499999999999904e+00,4.026099999999999568e+00,4.027000000000000135e+00,3.802099999999999813e+00
-1.317892466565076637e+00,-1.852700023959818199e-01,-1.341640935522455003e+00,-2.502790416346621916e-01,4.957800000000000296e+01,7.595300000000000296e+01,2.196799999999999997e+01,8.859999999999999432e+00,3.625000000000000000e+00,6.332399999999999807e+00,3.141700000000000159e+00,4.045099999999999696e+00,4.061799999999999855e+00,3.835799999999999876e+00
-1.315088709038994885e+00,-1.845880152493444004e-01,-1.338753579549276429e+00,-2.487429972058102789e-01,4.960999999999999943e+01,7.596899999999999409e+01,2.201599999999999824e+01,8.842999999999999972e+00,3.782000000000000028e+00,6.498099999999999987e+00,3.004300000000000193e+00,4.024000000000000021e+00,4.046700000000000408e+00,3.754900000000000126e+00
-1.312229975875146781e+00,-1.836010400619756122e-01,-1.335866223576097633e+00,-2.465200260758563244e-01,4.962500000000000000e+01,7.598399999999999466e+01,2.196900000000000119e+01,8.858999999999999986e+00,3.750000000000000000e+00,6.453700000000000436e+00,3.038899999999999935e+00,4.013399999999999856e+00,4.046299999999999564e+00,3.750100000000000211e+00
-1.309444543561653962e+00,-1.836010400619756122e-01,-1.332978867602919060e+00,-2.465200260758563244e-01,4.964000000000000057e+01,7.598399999999999466e+01,2.201599999999999824e+01,8.811999999999999389e+00,3.829000000000000181e+00,6.342800000000000438e+00,3.122900000000000009e+00,4.026099999999999568e+00,4.022899999999999920e+00,3.831500000000000128e+00
-1.306640786035572210e+00,-1.830588391006741922e-01,-1.330181181069901131e+00,-2.453274449975550719e-01,4.968699999999999761e+01,7.596899999999999409e+01,2.098400000000000176e+01,8.813000000000000611e+00,3.827999999999999847e+00,6.230199999999999960e+00,3.219700000000000006e+00,4.025299999999999656e+00,4.016000000000000014e+00,3.810099999999999820e+00
-1.303782052871724328e+00,-1.823768519540367727e-01,-1.327257957320657988e+00,-2.437627786228239724e-01,4.968699999999999761e+01,7.600000000000000000e+01,2.196900000000000119e+01,8.656000000000000583e+00,3.766000000000000014e+00,6.584800000000000431e+00,2.958499999999999908e+00,4.036400000000000432e+00,4.012299999999999756e+00,3.870800000000000018e+00
-1.300941644920465157e+00,-1.813771689316370783e-01,-1.324352667459447241e+00,-2.415398074928700456e-01,4.970300000000000296e+01,7.596899999999999409e+01,2.198400000000000176e+01,8.859999999999999432e+00,3.733999999999999986e+00,6.321200000000000152e+00,3.136499999999999844e+00,4.028500000000000192e+00,3.955600000000000005e+00,3.859999999999999876e+00
-1.298082911756617053e+00,-1.813771689316370783e-01,-1.321429443710204099e+00,-2.415398074928700456e-01,4.973400000000000176e+01,7.595300000000000296e+01,2.300000000000000000e+01,8.813000000000000611e+00,3.875000000000000000e+00,6.485299999999999621e+00,2.999299999999999855e+00,3.963699999999999779e+00,4.001400000000000290e+00,3.922200000000000131e+00
-1.295279154230535523e+00,-1.808349679703356305e-01,-1.318577955513089650e+00,-2.402899825228104469e-01,4.978099999999999881e+01,7.596899999999999409e+01,2.201599999999999824e+01,8.858999999999999986e+00,3.766000000000000014e+00,6.470799999999999663e+00,3.037999999999999812e+00,4.009199999999999875e+00,4.070500000000000007e+00,4.019899999999999807e+00
-1.292530372342219902e+00,-1.801614527137188615e-01,-1.315798202868103894e+00,-2.388111819857165197e-01,4.976599999999999824e+01,7.587500000000000000e+01,2.096900000000000119e+01,8.766000000000000014e+00,3.577999999999999847e+00,6.186200000000000365e+00,3.267599999999999838e+00,4.039600000000000080e+00,4.032499999999999751e+00,3.915200000000000014e+00
-1.289689964390960952e+00,-1.791744775263500733e-01,-1.312910846894925099e+00,-2.365786702071365488e-01,4.976599999999999824e+01,7.598499999999999943e+01,2.095299999999999940e+01,8.608999999999999986e+00,3.672000000000000153e+00,6.216499999999999915e+00,3.221200000000000063e+00,4.037700000000000067e+00,4.030199999999999783e+00,3.923200000000000021e+00
-1.286831231227112848e+00,-1.791744775263500733e-01,-1.309969689257650005e+00,-2.365786702071365488e-01,4.979699999999999704e+01,7.598399999999999466e+01,2.198499999999999943e+01,8.656000000000000583e+00,3.516000000000000014e+00,6.557199999999999918e+00,2.962200000000000166e+00,4.059099999999999930e+00,4.010500000000000398e+00,3.932799999999999851e+00
-1.283990823275853677e+00,-1.786322765650486255e-01,-1.307082333284471209e+00,-2.353383858857033273e-01,4.981199999999999761e+01,7.596800000000000352e+01,2.201599999999999824e+01,8.750000000000000000e+00,3.686999999999999833e+00,6.388799999999999812e+00,3.108200000000000074e+00,4.088199999999999612e+00,4.009999999999999787e+00,3.963999999999999968e+00
-1.281132090112005573e+00,-1.779502894184112338e-01,-1.304177043423260240e+00,-2.338023414568510538e-01,4.982900000000000063e+01,7.593800000000000239e+01,2.192200000000000060e+01,8.813000000000000611e+00,3.625000000000000000e+00,6.372899999999999565e+00,3.110100000000000087e+00,4.051999999999999602e+00,3.987099999999999866e+00,3.935299999999999798e+00
-1.278383308223690173e+00,-1.769760220660727690e-01,-1.301343489114178187e+00,-2.315984516241502422e-01,4.984400000000000119e+01,7.595300000000000296e+01,2.096900000000000119e+01,8.781000000000000583e+00,3.718999999999999861e+00,6.369600000000000151e+00,3.115899999999999892e+00,4.024399999999999977e+00,4.032099999999999795e+00,3.977700000000000014e+00
-1.275487924634664649e+00,-1.769760220660727690e-01,-1.298402331476902871e+00,-2.315984516241502422e-01,4.989000000000000057e+01,7.598499999999999943e+01,2.196900000000000119e+01,8.765000000000000568e+00,3.657000000000000028e+00,6.203500000000000014e+00,3.245499999999999829e+00,4.030700000000000394e+00,4.061300000000000132e+00,3.989199999999999857e+00
-1.272684167108582898e+00,-1.764338211047713212e-01,-1.295568777167820596e+00,-2.303772485999694697e-01,4.992199999999999704e+01,7.600000000000000000e+01,2.198400000000000176e+01,8.656000000000000583e+00,3.532000000000000028e+00,6.273299999999999876e+00,3.202199999999999935e+00,4.094199999999999839e+00,4.086999999999999744e+00,4.033199999999999896e+00
-1.269843759157323948e+00,-1.757518339581345401e-01,-1.292681421194642022e+00,-2.288412041711175571e-01,4.990599999999999881e+01,7.596800000000000352e+01,2.196799999999999997e+01,8.672000000000000597e+00,3.563000000000000167e+00,6.403599999999999959e+00,3.118399999999999839e+00,4.080400000000000027e+00,4.043499999999999872e+00,3.951400000000000023e+00
-1.269385628842604641e+00,-1.747521509357348179e-01,-1.292071669001548351e+00,-2.266182330411639634e-01,4.992199999999999704e+01,7.598499999999999943e+01,2.196900000000000119e+01,8.781000000000000583e+00,3.672000000000000153e+00,6.282300000000000217e+00,3.180899999999999839e+00,4.076600000000000001e+00,4.038499999999999979e+00,3.965300000000000047e+00
-1.269385628842604641e+00,-1.747521509357348179e-01,-1.292071669001548351e+00,-2.266182330411639634e-01,4.993699999999999761e+01,7.596899999999999409e+01,2.200000000000000000e+01,8.718999999999999417e+00,3.468999999999999861e+00,6.324499999999999567e+00,3.128800000000000026e+00,4.067800000000000082e+00,4.047600000000000087e+00,3.971299999999999830e+00
-1.254670483133822900e+00,-1.725028641353356373e-01,-1.283965551611009337e+00,-2.215521486205398460e-01,5.006300000000000239e+01,7.795300000000000296e+01,2.300000000000000000e+01,8.407000000000000028e+00,3.515000000000000124e+00,6.302900000000000169e+00,3.163899999999999935e+00,4.099499999999999922e+00,4.076500000000000234e+00,4.054999999999999716e+00
-1.251811749969974796e+00,-1.725028641353356373e-01,-1.281078195637830541e+00,-2.215521486205398460e-01,5.006300000000000239e+01,7.593699999999999761e+01,2.298400000000000176e+01,8.391000000000000014e+00,3.515000000000000124e+00,6.315299999999999692e+00,3.162700000000000067e+00,4.100299999999999834e+00,4.071799999999999642e+00,4.071699999999999875e+00
-1.248971342018715625e+00,-1.719521912840135669e-01,-1.278137038000555448e+00,-2.203118642991062914e-01,5.009400000000000119e+01,7.598399999999999466e+01,2.296799999999999997e+01,8.422000000000000597e+00,3.547000000000000153e+00,6.240700000000000358e+00,3.240800000000000125e+00,4.123999999999999666e+00,4.081500000000000128e+00,4.061600000000000321e+00
-1.246167584492633873e+00,-1.712786760273967979e-01,-1.275285549803440999e+00,-2.187949011675071331e-01,5.010900000000000176e+01,7.592100000000000648e+01,2.201599999999999824e+01,8.406000000000000583e+00,3.516000000000000014e+00,6.242600000000000371e+00,3.236899999999999888e+00,4.103299999999999947e+00,4.081999999999999851e+00,4.054000000000000270e+00
-1.243308851328786213e+00,-1.702917008400280097e-01,-1.272398193830262425e+00,-2.165719300375535394e-01,5.009400000000000119e+01,7.598399999999999466e+01,2.196900000000000119e+01,8.406000000000000583e+00,3.516000000000000014e+00,6.293300000000000338e+00,3.202900000000000080e+00,4.092699999999999783e+00,4.075599999999999667e+00,4.046299999999999564e+00
-1.240560069440470592e+00,-1.702917008400280097e-01,-1.269564639521180149e+00,-2.165719300375535394e-01,5.007800000000000296e+01,7.595300000000000296e+01,2.101500000000000057e+01,8.422000000000000597e+00,3.516000000000000014e+00,6.276299999999999990e+00,3.195600000000000218e+00,4.124200000000000088e+00,4.086500000000000021e+00,4.077200000000000379e+00
-1.237664685851445068e+00,-1.697494998787265619e-01,-1.266623481883904834e+00,-2.153507270133727669e-01,5.006199999999999761e+01,7.593800000000000239e+01,2.196900000000000119e+01,8.406000000000000583e+00,3.563000000000000167e+00,6.312199999999999811e+00,3.160499999999999865e+00,4.108399999999999608e+00,4.070500000000000007e+00,4.059300000000000352e+00
-1.234805952687597186e+00,-1.690675127320891702e-01,-1.263736125910726260e+00,-2.138146825845208543e-01,5.010900000000000176e+01,7.698399999999999466e+01,2.198400000000000176e+01,8.406000000000000583e+00,3.516000000000000014e+00,6.328400000000000247e+00,3.158199999999999896e+00,4.112000000000000099e+00,4.079699999999999882e+00,4.058500000000000441e+00
-1.231965544736338014e+00,-1.680805375447203820e-01,-1.260794968273450944e+00,-2.115917114545669275e-01,5.010900000000000176e+01,7.593699999999999761e+01,2.201599999999999824e+01,8.406000000000000583e+00,3.516000000000000014e+00,6.225200000000000067e+00,3.230799999999999894e+00,4.089500000000000135e+00,4.071399999999999686e+00,4.037600000000000300e+00
-1.229161787210256263e+00,-1.680805375447203820e-01,-1.257961413964368669e+00,-2.115917114545669275e-01,5.014099999999999824e+01,7.593699999999999761e+01,2.093700000000000117e+01,8.202999999999999403e+00,3.734999999999999876e+00,6.218600000000000350e+00,3.225800000000000001e+00,4.080199999999999605e+00,4.134500000000000064e+00,4.154200000000000337e+00
-1.226266403621230738e+00,-1.675383365834189342e-01,-1.255020256327093353e+00,-2.103418864845073288e-01,5.018800000000000239e+01,7.596899999999999409e+01,2.201500000000000057e+01,8.172000000000000597e+00,4.030999999999999694e+00,6.304899999999999949e+00,3.201299999999999812e+00,4.067999999999999616e+00,4.085200000000000387e+00,4.154499999999999638e+00
-1.223407670457382634e+00,-1.668563494367815425e-01,-1.252132900353914780e+00,-2.088058420556550554e-01,5.020300000000000296e+01,7.596899999999999409e+01,2.198400000000000176e+01,8.109999999999999432e+00,4.014999999999999680e+00,6.288899999999999935e+00,3.192499999999999893e+00,4.064400000000000013e+00,4.062299999999999578e+00,4.087799999999999656e+00
-1.220567262506123463e+00,-1.658651383044024430e-01,-1.249191742716639464e+00,-2.065828709257014617e-01,5.023400000000000176e+01,7.593800000000000239e+01,2.195299999999999940e+01,8.250000000000000000e+00,3.766000000000000014e+00,6.311600000000000321e+00,3.160299999999999887e+00,4.065599999999999881e+00,4.027499999999999858e+00,3.991800000000000015e+00
-1.217708529342275581e+00,-1.658651383044024430e-01,-1.246304386743460890e+00,-2.065828709257014617e-01,5.026599999999999824e+01,7.598499999999999943e+01,2.196900000000000119e+01,8.422000000000000597e+00,3.467999999999999972e+00,6.320800000000000196e+00,3.164099999999999913e+00,4.107700000000000351e+00,4.144099999999999895e+00,4.046000000000000263e+00
